{"cameraMode":{"drawMode":0,"name":"Shaded","section":"Shading Mode"},"sceneLighting":true,"audioPlay":false,"sceneViewState":{"m_AlwaysRefresh":false,"showFog":true,"showSkybox":true,"showFlares":true,"showImageEffects":true,"showParticleSystems":true,"showVisualEffectGraphs":true,"m_FxEnabled":true},"in2DMode":false,"pivot":{"x":-4.211920738220215,"y":21.11954116821289,"z":-22.6562557220459},"rotation":{"x":-0.16455501317977906,"y":0.006818931549787521,"z":-0.0011404529213905335,"w":-0.9863485097885132},"size":16.891969680786134,"orthographic":false}